{"count":1,"self":68.5419392,"total":74.463634,"children":{"AgentResetIfDone":{"count":7020,"self":0.271333,"total":0.271333,"children":null},"AgentSendState":{"count":7020,"self":0.313167,"total":0.539812,"children":{"CollectObservations":{"count":120,"self":0.22664499999999999,"total":0.22664499999999999,"children":null}}},"DecideAction":{"count":7020,"self":4.5847712,"total":4.726198,"children":{"AgentInfo.ToProto":{"count":118,"self":0.141427,"total":0.141427,"children":null}}},"AcademyStep":{"count":7020,"self":0.188185,"total":0.188185,"children":null},"AgentAct":{"count":7020,"self":0.19494399999999998,"total":0.19494399999999998,"children":null}}}